year,name,n,
1,AEROFLOT,4896,
2,AEROFLOT,5266,
3,AEROFLOT,8257,
4,AEROFLOT,5994,
5,AEROFLOT,5397,
6,AEROFLOT,7444,
7,AEROFLOT,8758,
8,AEROFLOT,7098,
9,AEROFLOT,7878,
10,AEROFLOT,9447,
11,AEROFLOT,11565,
12,AEROFLOT,14338,
1,AEROLOGIC,0,
2,AEROLOGIC,0,
3,AEROLOGIC,0,
4,AEROLOGIC,0,
5,AEROLOGIC,0,
6,AEROLOGIC,0,
7,AEROLOGIC,0,
8,AEROLOGIC,0,
9,AEROLOGIC,0,
10,AEROLOGIC,0,
11,AEROLOGIC,0,
12,AEROLOGIC,0,
1,AIR ARABIA,80828,
2,AIR ARABIA,70573,
3,AIR ARABIA,76750,
4,AIR ARABIA,71379,
5,AIR ARABIA,75623,
6,AIR ARABIA,75529,
7,AIR ARABIA,79358,
8,AIR ARABIA,68236,
9,AIR ARABIA,66011,
10,AIR ARABIA,73159,
11,AIR ARABIA,74618,
12,AIR ARABIA,78641,
1,AIR ASIA BERHAD,33005,
2,AIR ASIA BERHAD,30677,
3,AIR ASIA BERHAD,30868,
4,AIR ASIA BERHAD,30354,
5,AIR ASIA BERHAD,36190,
6,AIR ASIA BERHAD,33699,
7,AIR ASIA BERHAD,28796,
8,AIR ASIA BERHAD,25398,
9,AIR ASIA BERHAD,29003,
10,AIR ASIA BERHAD,31317,
11,AIR ASIA BERHAD,29162,
12,AIR ASIA BERHAD,32383,
1,AIR ASIA X,0,
2,AIR ASIA X,0,
3,AIR ASIA X,5136,
4,AIR ASIA X,4865,
5,AIR ASIA X,4995,
6,AIR ASIA X,5132,
7,AIR ASIA X,4730,
8,AIR ASIA X,4737,
9,AIR ASIA X,4738,
10,AIR ASIA X,5374,
11,AIR ASIA X,5431,
12,AIR ASIA X,5109,
1,AIR ASTANA,2497,
2,AIR ASTANA,2059,
3,AIR ASTANA,2488,
4,AIR ASTANA,1806,
5,AIR ASTANA,2139,
6,AIR ASTANA,3842,
7,AIR ASTANA,3668,
8,AIR ASTANA,2667,
9,AIR ASTANA,2338,
10,AIR ASTANA,3265,
11,AIR ASTANA,3089,
12,AIR ASTANA,3479,
1,AIR AUSTRAL,387,
2,AIR AUSTRAL,253,
3,AIR AUSTRAL,287,
4,AIR AUSTRAL,252,
5,AIR AUSTRAL,200,
6,AIR AUSTRAL,158,
7,AIR AUSTRAL,246,
8,AIR AUSTRAL,218,
9,AIR AUSTRAL,132,
10,AIR AUSTRAL,251,
11,AIR AUSTRAL,614,
12,AIR AUSTRAL,932,
1,AIR CANADA,4221,
2,AIR CANADA,4794,
3,AIR CANADA,5508,
4,AIR CANADA,4400,
5,AIR CANADA,4070,
6,AIR CANADA,4326,
7,AIR CANADA,5121,
8,AIR CANADA,5002,
9,AIR CANADA,4494,
10,AIR CANADA,6342,
11,AIR CANADA,12120,
12,AIR CANADA,8696,
1,AIR CHINA,4915,
2,AIR CHINA,3266,
3,AIR CHINA,4057,
4,AIR CHINA,2356,
5,AIR CHINA,2544,
6,AIR CHINA,2895,
7,AIR CHINA,2815,
8,AIR CHINA,1929,
9,AIR CHINA,3149,
10,AIR CHINA,3401,
11,AIR CHINA,4680,
12,AIR CHINA,4941,
1,AIR FRANCE,20766,
2,AIR FRANCE,20932,
3,AIR FRANCE,18479,
4,AIR FRANCE,11926,
5,AIR FRANCE,11311,
6,AIR FRANCE,12215,
7,AIR FRANCE,14449,
8,AIR FRANCE,13646,
9,AIR FRANCE,12854,
10,AIR FRANCE,14951,
11,AIR FRANCE,23290,
12,AIR FRANCE,24383,
1,AIR INDIA,261873,
2,AIR INDIA,222709,
3,AIR INDIA,233663,
4,AIR INDIA,197373,
5,AIR INDIA,223122,
6,AIR INDIA,254839,
7,AIR INDIA,271657,
8,AIR INDIA,228037,
9,AIR INDIA,209435,
10,AIR INDIA,245379,
11,AIR INDIA,249641,
12,AIR INDIA,282508,
1,AIR INDIA EXPRESS,105132,
2,AIR INDIA EXPRESS,89688,
3,AIR INDIA EXPRESS,107055,
4,AIR INDIA EXPRESS,112653,
5,AIR INDIA EXPRESS,126272,
6,AIR INDIA EXPRESS,134795,
7,AIR INDIA EXPRESS,157181,
8,AIR INDIA EXPRESS,120913,
9,AIR INDIA EXPRESS,118483,
10,AIR INDIA EXPRESS,120906,
11,AIR INDIA EXPRESS,126960,
12,AIR INDIA EXPRESS,164032,
1,AIR MANAS,721,
2,AIR MANAS,0,
3,AIR MANAS,621,
4,AIR MANAS,607,
5,AIR MANAS,680,
6,AIR MANAS,1309,
7,AIR MANAS,1103,
8,AIR MANAS,824,
9,AIR MANAS,884,
10,AIR MANAS,1098,
11,AIR MANAS,1033,
12,AIR MANAS,1139,
1,AIR MAURITIUS,7036,
2,AIR MAURITIUS,7477,
3,AIR MAURITIUS,7239,
4,AIR MAURITIUS,6215,
5,AIR MAURITIUS,8673,
6,AIR MAURITIUS,9870,
7,AIR MAURITIUS,9404,
8,AIR MAURITIUS,7456,
9,AIR MAURITIUS,6929,
10,AIR MAURITIUS,6555,
11,AIR MAURITIUS,8585,
12,AIR MAURITIUS,10258,
1,AIR SEYCHELLES,2012,
2,AIR SEYCHELLES,2107,
3,AIR SEYCHELLES,2213,
4,AIR SEYCHELLES,1522,
5,AIR SEYCHELLES,2432,
6,AIR SEYCHELLES,2592,
7,AIR SEYCHELLES,2427,
8,AIR SEYCHELLES,2001,
9,AIR SEYCHELLES,2115,
10,AIR SEYCHELLES,2233,
11,AIR SEYCHELLES,2351,
12,AIR SEYCHELLES,111,
1,ALL NIPPON AIRWAYS,5380,
2,ALL NIPPON AIRWAYS,5166,
3,ALL NIPPON AIRWAYS,4971,
4,ALL NIPPON AIRWAYS,6666,
5,ALL NIPPON AIRWAYS,5903,
6,ALL NIPPON AIRWAYS,6469,
7,ALL NIPPON AIRWAYS,7121,
8,ALL NIPPON AIRWAYS,6287,
9,ALL NIPPON AIRWAYS,6671,
10,ALL NIPPON AIRWAYS,6969,
11,ALL NIPPON AIRWAYS,8758,
12,ALL NIPPON AIRWAYS,9095,
1,ARIANA AFGHAN,2645,
2,ARIANA AFGHAN,2288,
3,ARIANA AFGHAN,1529,
4,ARIANA AFGHAN,868,
5,ARIANA AFGHAN,746,
6,ARIANA AFGHAN,487,
7,ARIANA AFGHAN,1572,
8,ARIANA AFGHAN,1488,
9,ARIANA AFGHAN,1180,
10,ARIANA AFGHAN,1574,
11,ARIANA AFGHAN,1022,
12,ARIANA AFGHAN,2020,
1,ASIANA AIRLINES,3136,
2,ASIANA AIRLINES,2805,
3,ASIANA AIRLINES,2620,
4,ASIANA AIRLINES,1928,
5,ASIANA AIRLINES,1584,
6,ASIANA AIRLINES,2396,
7,ASIANA AIRLINES,4680,
8,ASIANA AIRLINES,3457,
9,ASIANA AIRLINES,3479,
10,ASIANA AIRLINES,5198,
11,ASIANA AIRLINES,5198,
12,ASIANA AIRLINES,6101,
1,AUSTRIAN AIRLINES,4420,
2,AUSTRIAN AIRLINES,3552,
3,AUSTRIAN AIRLINES,2920,
4,AUSTRIAN AIRLINES,208,
5,AUSTRIAN AIRLINES,0,
6,AUSTRIAN AIRLINES,0,
7,AUSTRIAN AIRLINES,0,
8,AUSTRIAN AIRLINES,0,
9,AUSTRIAN AIRLINES,0,
10,AUSTRIAN AIRLINES,0,
11,AUSTRIAN AIRLINES,0,
12,AUSTRIAN AIRLINES,0,
1,BANGKOK AIRWAYS,4477,
2,BANGKOK AIRWAYS,3707,
3,BANGKOK AIRWAYS,3948,
4,BANGKOK AIRWAYS,3597,
5,BANGKOK AIRWAYS,4550,
6,BANGKOK AIRWAYS,3566,
7,BANGKOK AIRWAYS,3432,
8,BANGKOK AIRWAYS,3291,
9,BANGKOK AIRWAYS,2659,
10,BANGKOK AIRWAYS,2409,
11,BANGKOK AIRWAYS,3815,
12,BANGKOK AIRWAYS,4091,
1,BHUTAN AIRLINES,1527,
2,BHUTAN AIRLINES,1382,
3,BHUTAN AIRLINES,2284,
4,BHUTAN AIRLINES,2212,
5,BHUTAN AIRLINES,3547,
6,BHUTAN AIRLINES,2468,
7,BHUTAN AIRLINES,1262,
8,BHUTAN AIRLINES,1531,
9,BHUTAN AIRLINES,1749,
10,BHUTAN AIRLINES,2051,
11,BHUTAN AIRLINES,1675,
12,BHUTAN AIRLINES,1144,
1,BIMAN BANGLADESH,6582,
2,BIMAN BANGLADESH,5493,
3,BIMAN BANGLADESH,6157,
4,BIMAN BANGLADESH,6072,
5,BIMAN BANGLADESH,6438,
6,BIMAN BANGLADESH,5691,
7,BIMAN BANGLADESH,6153,
8,BIMAN BANGLADESH,3547,
9,BIMAN BANGLADESH,4168,
10,BIMAN BANGLADESH,5012,
11,BIMAN BANGLADESH,3824,
12,BIMAN BANGLADESH,4076,
1,BRITISH AIRWAYS,42283,
2,BRITISH AIRWAYS,41295,
3,BRITISH AIRWAYS,40425,
4,BRITISH AIRWAYS,27722,
5,BRITISH AIRWAYS,33859,
6,BRITISH AIRWAYS,45155,
7,BRITISH AIRWAYS,47737,
8,BRITISH AIRWAYS,38068,
9,BRITISH AIRWAYS,35350,
10,BRITISH AIRWAYS,42295,
11,BRITISH AIRWAYS,44739,
12,BRITISH AIRWAYS,46917,
4,BUDDHA AIR,93,
5,BUDDHA AIR,0,
6,BUDDHA AIR,0,
7,BUDDHA AIR,0,
8,BUDDHA AIR,0,
9,BUDDHA AIR,89,
10,BUDDHA AIR,80,
11,BUDDHA AIR,61,
12,BUDDHA AIR,0,
1,BUDHHA AIR,0,
2,BUDHHA AIR,45,
3,BUDHHA AIR,42,
4,CARGOLUX AIRLINES INTERNATIONAL S.A.,0,
5,CARGOLUX AIRLINES INTERNATIONAL S.A.,0,
6,CARGOLUX AIRLINES INTERNATIONAL S.A.,0,
7,CARGOLUX AIRLINES INTERNATIONAL S.A.,0,
8,CARGOLUX AIRLINES INTERNATIONAL S.A.,0,
9,CARGOLUX AIRLINES INTERNATIONAL S.A.,0,
10,CARGOLUX AIRLINES INTERNATIONAL S.A.,0,
11,CARGOLUX AIRLINES INTERNATIONAL S.A.,0,
12,CARGOLUX AIRLINES INTERNATIONAL S.A.,0,
1,CATHAY PACIFIC,32401,
2,CATHAY PACIFIC,25008,
3,CATHAY PACIFIC,31068,
4,CATHAY PACIFIC,29086,
5,CATHAY PACIFIC,35282,
6,CATHAY PACIFIC,34809,
7,CATHAY PACIFIC,33114,
8,CATHAY PACIFIC,26782,
9,CATHAY PACIFIC,30996,
10,CATHAY PACIFIC,28899,
11,CATHAY PACIFIC,32957,
12,CATHAY PACIFIC,36959,
1,CHINA AIRLINES LTD,2051,
2,CHINA AIRLINES LTD,1654,
3,CHINA AIRLINES LTD,1730,
4,CHINA AIRLINES LTD,1201,
5,CHINA AIRLINES LTD,911,
6,CHINA AIRLINES LTD,1267,
7,CHINA AIRLINES LTD,1900,
8,CHINA AIRLINES LTD,1617,
9,CHINA AIRLINES LTD,1802,
10,CHINA AIRLINES LTD,2562,
11,CHINA AIRLINES LTD,2698,
12,CHINA AIRLINES LTD,2860,
1,CHINA EASTERN AIRLINES,9594,
2,CHINA EASTERN AIRLINES,7201,
3,CHINA EASTERN AIRLINES,7201,
4,CHINA EASTERN AIRLINES,8781,
5,CHINA EASTERN AIRLINES,8063,
6,CHINA EASTERN AIRLINES,8963,
7,CHINA EASTERN AIRLINES,8672,
8,CHINA EASTERN AIRLINES,7202,
9,CHINA EASTERN AIRLINES,9560,
10,CHINA EASTERN AIRLINES,10020,
11,CHINA EASTERN AIRLINES,10546,
12,CHINA EASTERN AIRLINES,10854,
1,CHINA SOUTHERN ,9111,
2,CHINA SOUTHERN ,5732,
3,CHINA SOUTHERN ,8360,
4,CHINA SOUTHERN ,7391,
5,CHINA SOUTHERN ,6500,
6,CHINA SOUTHERN ,7616,
7,CHINA SOUTHERN ,6856,
8,CHINA SOUTHERN ,6192,
9,CHINA SOUTHERN ,6655,
10,CHINA SOUTHERN ,9453,
11,CHINA SOUTHERN ,13062,
12,CHINA SOUTHERN ,11845,
1,DRAGON AIR,3295,
2,DRAGON AIR,7155,
3,DRAGON AIR,8622,
4,DRAGON AIR,9393,
5,DRAGON AIR,10444,
6,DRAGON AIR,10278,
7,DRAGON AIR,10077,
8,DRAGON AIR,7715,
9,DRAGON AIR,8680,
10,DRAGON AIR,9204,
11,DRAGON AIR,9782,
12,DRAGON AIR,12171,
1,DRUK AIR,3590,
2,DRUK AIR,4667,
3,DRUK AIR,3559,
4,DRUK AIR,4620,
5,DRUK AIR,5036,
6,DRUK AIR,4437,
7,DRUK AIR,3402,
8,DRUK AIR,2993,
9,DRUK AIR,4194,
10,DRUK AIR,4984,
11,DRUK AIR,4591,
12,DRUK AIR,3363,
1,EGYPT AIR,1194,
2,EGYPT AIR,906,
3,EGYPT AIR,1228,
4,EGYPT AIR,821,
5,EGYPT AIR,1588,
6,EGYPT AIR,1133,
7,EGYPT AIR,1025,
8,EGYPT AIR,1008,
9,EGYPT AIR,1136,
10,EGYPT AIR,842,
11,EGYPT AIR,1619,
12,EGYPT AIR,2005,
1,EL-AL-ISRAEL,3226,
2,EL-AL-ISRAEL,3155,
3,EL-AL-ISRAEL,1302,
4,EL-AL-ISRAEL,2131,
5,EL-AL-ISRAEL,1913,
6,EL-AL-ISRAEL,1859,
7,EL-AL-ISRAEL,2434,
8,EL-AL-ISRAEL,2325,
9,EL-AL-ISRAEL,2691,
10,EL-AL-ISRAEL,1798,
11,EL-AL-ISRAEL,2754,
12,EL-AL-ISRAEL,3398,
1,EMIRATES AIRLINE,237552,
2,EMIRATES AIRLINE,208964,
3,EMIRATES AIRLINE,221418,
4,EMIRATES AIRLINE,205472,
5,EMIRATES AIRLINE,232446,
6,EMIRATES AIRLINE,250215,
7,EMIRATES AIRLINE,260673,
8,EMIRATES AIRLINE,201369,
9,EMIRATES AIRLINE,188719,
10,EMIRATES AIRLINE,217471,
11,EMIRATES AIRLINE,230228,
12,EMIRATES AIRLINE,263566,
1,ETHIOPIAN AIRLINES,3101,
2,ETHIOPIAN AIRLINES,3081,
3,ETHIOPIAN AIRLINES,11040,
4,ETHIOPIAN AIRLINES,12757,
5,ETHIOPIAN AIRLINES,13067,
6,ETHIOPIAN AIRLINES,15480,
7,ETHIOPIAN AIRLINES,17305,
8,ETHIOPIAN AIRLINES,17635,
9,ETHIOPIAN AIRLINES,4780,
10,ETHIOPIAN AIRLINES,19032,
11,ETHIOPIAN AIRLINES,16968,
12,ETHIOPIAN AIRLINES,5600,
1,ETIHAD AIRLINES,157715,
2,ETIHAD AIRLINES,89334,
3,ETIHAD AIRLINES,87318,
4,ETIHAD AIRLINES,98024,
5,ETIHAD AIRLINES,119470,
6,ETIHAD AIRLINES,125017,
7,ETIHAD AIRLINES,130362,
8,ETIHAD AIRLINES,100175,
9,ETIHAD AIRLINES,103476,
10,ETIHAD AIRLINES,101839,
11,ETIHAD AIRLINES,117175,
12,ETIHAD AIRLINES,128356,
1,EVA AIRWAYS,0,
2,EVA AIRWAYS,0,
3,EVA AIRWAYS,0,
4,EVA AIRWAYS,0,
5,EVA AIRWAYS,0,
6,EVA AIRWAYS,0,
7,EVA AIRWAYS,0,
8,EVA AIRWAYS,0,
9,EVA AIRWAYS,0,
10,EVA AIRWAYS,0,
11,EVA AIRWAYS,0,
12,EVA AIRWAYS,0,
1,FEDERAL EXPRESS,0,
2,FEDERAL EXPRESS,0,
3,FEDERAL EXPRESS,0,
4,FEDERAL EXPRESS,0,
5,FEDERAL EXPRESS,0,
6,FEDERAL EXPRESS,0,
7,FEDERAL EXPRESS,0,
8,FEDERAL EXPRESS,0,
9,FEDERAL EXPRESS,0,
10,FEDERAL EXPRESS,0,
11,FEDERAL EXPRESS,0,
12,FEDERAL EXPRESS,0,
1,FINN AIR,4352,
2,FINN AIR,4852,
3,FINN AIR,4010,
4,FINN AIR,1942,
5,FINN AIR,1834,
6,FINN AIR,3049,
7,FINN AIR,2796,
8,FINN AIR,2101,
9,FINN AIR,2412,
10,FINN AIR,3065,
11,FINN AIR,4763,
12,FINN AIR,5736,
1,FLY DUBAI,21125,
2,FLY DUBAI,18919,
3,FLY DUBAI,20012,
4,FLY DUBAI,19528,
5,FLY DUBAI,20191,
6,FLY DUBAI,21266,
7,FLY DUBAI,22640,
8,FLY DUBAI,18202,
9,FLY DUBAI,17728,
10,FLY DUBAI,19946,
11,FLY DUBAI,20585,
12,FLY DUBAI,22090,
1,GULF AIR,38809,
2,GULF AIR,34092,
3,GULF AIR,36399,
4,GULF AIR,35639,
5,GULF AIR,38161,
6,GULF AIR,39100,
7,GULF AIR,40378,
8,GULF AIR,33528,
9,GULF AIR,31114,
10,GULF AIR,34009,
11,GULF AIR,33427,
12,GULF AIR,40217,
1,INDIGO,64903,
2,INDIGO,63752,
3,INDIGO,74361,
4,INDIGO,65124,
5,INDIGO,68092,
6,INDIGO,74450,
7,INDIGO,83584,
8,INDIGO,59674,
9,INDIGO,65590,
10,INDIGO,75195,
11,INDIGO,82165,
12,INDIGO,97759,
1,IRAN AIR,1576,
2,IRAN AIR,1187,
3,IRAN AIR,1446,
4,IRAN AIR,1071,
5,IRAN AIR,2360,
6,IRAN AIR,800,
7,IRAN AIR,688,
8,IRAN AIR,993,
9,IRAN AIR,1328,
10,IRAN AIR,965,
11,IRAN AIR,1229,
12,IRAN AIR,1517,
1,IRAQI AIRWAYS,0,
2,IRAQI AIRWAYS,0,
3,IRAQI AIRWAYS,993,
4,IRAQI AIRWAYS,0,
5,IRAQI AIRWAYS,0,
6,IRAQI AIRWAYS,0,
7,IRAQI AIRWAYS,0,
8,IRAQI AIRWAYS,1732,
9,IRAQI AIRWAYS,0,
10,IRAQI AIRWAYS,0,
11,IRAQI AIRWAYS,1459,
12,IRAQI AIRWAYS,0,
1,ISLAND AVIATION SERVICES,4269,
2,ISLAND AVIATION SERVICES,3491,
3,ISLAND AVIATION SERVICES,4466,
4,ISLAND AVIATION SERVICES,3972,
5,ISLAND AVIATION SERVICES,4163,
6,ISLAND AVIATION SERVICES,2745,
7,ISLAND AVIATION SERVICES,4095,
8,ISLAND AVIATION SERVICES,3818,
9,ISLAND AVIATION SERVICES,3803,
10,ISLAND AVIATION SERVICES,3425,
11,ISLAND AVIATION SERVICES,6233,
12,ISLAND AVIATION SERVICES,5360,
1,JAPAN AIRLINES,4034,
2,JAPAN AIRLINES,4197,
3,JAPAN AIRLINES,4388,
4,JAPAN AIRLINES,3724,
5,JAPAN AIRLINES,3152,
6,JAPAN AIRLINES,3400,
7,JAPAN AIRLINES,3855,
8,JAPAN AIRLINES,3179,
9,JAPAN AIRLINES,3185,
10,JAPAN AIRLINES,3546,
11,JAPAN AIRLINES,4167,
12,JAPAN AIRLINES,3658,
1,JET AIRWAYS,308204,
2,JET AIRWAYS,257058,
3,JET AIRWAYS,291723,
4,JET AIRWAYS,286211,
5,JET AIRWAYS,309890,
6,JET AIRWAYS,336413,
7,JET AIRWAYS,362470,
8,JET AIRWAYS,324675,
9,JET AIRWAYS,292959,
10,JET AIRWAYS,312364,
11,JET AIRWAYS,328944,
12,JET AIRWAYS,402497,
1,KALITTA AIR,0,
2,KALITTA AIR,0,
3,KALITTA AIR,0,
4,KALITTA AIR,0,
5,KALITTA AIR,0,
6,KALITTA AIR,0,
7,KALITTA AIR,0,
8,KALITTA AIR,0,
9,KALITTA AIR,0,
10,KALITTA AIR,0,
11,KALITTA AIR,0,
12,KALITTA AIR,0,
1,KAM AIR,4360,
2,KAM AIR,4435,
3,KAM AIR,4077,
4,KAM AIR,2532,
5,KAM AIR,3492,
6,KAM AIR,3665,
7,KAM AIR,4194,
8,KAM AIR,4708,
9,KAM AIR,2175,
10,KAM AIR,4479,
11,KAM AIR,4352,
12,KAM AIR,4305,
1,KENYA AIRWAYS,7346,
2,KENYA AIRWAYS,6844,
3,KENYA AIRWAYS,6530,
4,KENYA AIRWAYS,4912,
5,KENYA AIRWAYS,6071,
6,KENYA AIRWAYS,0,
7,KENYA AIRWAYS,6790,
8,KENYA AIRWAYS,7079,
9,KENYA AIRWAYS,6338,
10,KENYA AIRWAYS,6152,
11,KENYA AIRWAYS,5792,
12,KENYA AIRWAYS,7515,
1,KLM AIRLINES,11749,
2,KLM AIRLINES,5678,
3,KLM AIRLINES,9963,
4,KLM AIRLINES,6437,
5,KLM AIRLINES,6857,
6,KLM AIRLINES,8559,
7,KLM AIRLINES,8408,
8,KLM AIRLINES,7660,
9,KLM AIRLINES,7406,
10,KLM AIRLINES,8964,
11,KLM AIRLINES,11845,
12,KLM AIRLINES,10258,
1,KOREAN AIR,2224,
2,KOREAN AIR,2093,
3,KOREAN AIR,1677,
4,KOREAN AIR,1494,
5,KOREAN AIR,1787,
6,KOREAN AIR,2097,
7,KOREAN AIR,2052,
8,KOREAN AIR,1725,
9,KOREAN AIR,1722,
10,KOREAN AIR,2034,
11,KOREAN AIR,2351,
12,KOREAN AIR,5933,
1,KUWAIT AIRWAYS,17462,
2,KUWAIT AIRWAYS,18901,
3,KUWAIT AIRWAYS,22599,
4,KUWAIT AIRWAYS,27471,
5,KUWAIT AIRWAYS,30308,
6,KUWAIT AIRWAYS,31182,
7,KUWAIT AIRWAYS,33122,
8,KUWAIT AIRWAYS,26195,
9,KUWAIT AIRWAYS,26574,
10,KUWAIT AIRWAYS,27692,
11,KUWAIT AIRWAYS,27126,
12,KUWAIT AIRWAYS,35722,
1,LUFTHANSA,48577,
2,LUFTHANSA,47205,
3,LUFTHANSA,44514,
4,LUFTHANSA,36572,
5,LUFTHANSA,43658,
6,LUFTHANSA,55657,
7,LUFTHANSA,59179,
8,LUFTHANSA,48310,
9,LUFTHANSA,44654,
10,LUFTHANSA,53628,
11,LUFTHANSA,47210,
12,LUFTHANSA,46216,
1,MAHAN AIR,1348,
2,MAHAN AIR,2060,
3,MAHAN AIR,3373,
4,MAHAN AIR,741,
5,MAHAN AIR,1580,
6,MAHAN AIR,1531,
7,MAHAN AIR,929,
8,MAHAN AIR,1208,
9,MAHAN AIR,1568,
10,MAHAN AIR,1853,
11,MAHAN AIR,1869,
12,MAHAN AIR,2120,
1,MALAYSIA AIRLINES,34778,
2,MALAYSIA AIRLINES,31681,
3,MALAYSIA AIRLINES,31028,
4,MALAYSIA AIRLINES,31875,
5,MALAYSIA AIRLINES,35319,
6,MALAYSIA AIRLINES,35653,
7,MALAYSIA AIRLINES,34453,
8,MALAYSIA AIRLINES,24241,
9,MALAYSIA AIRLINES,22079,
10,MALAYSIA AIRLINES,14675,
11,MALAYSIA AIRLINES,25077,
12,MALAYSIA AIRLINES,38831,
1,MALINDO AIRWAYS,27912,
2,MALINDO AIRWAYS,19915,
3,MALINDO AIRWAYS,20267,
4,MALINDO AIRWAYS,19083,
5,MALINDO AIRWAYS,27712,
6,MALINDO AIRWAYS,25588,
7,MALINDO AIRWAYS,27032,
8,MALINDO AIRWAYS,27250,
9,MALINDO AIRWAYS,26098,
10,MALINDO AIRWAYS,24986,
11,MALINDO AIRWAYS,28503,
12,MALINDO AIRWAYS,30499,
1,MIHIN LANKA,10087,
2,MIHIN LANKA,11041,
3,MIHIN LANKA,10972,
4,MIHIN LANKA,10704,
5,MIHIN LANKA,11958,
6,MIHIN LANKA,11685,
7,MIHIN LANKA,22354,
8,MIHIN LANKA,9763,
9,MIHIN LANKA,8990,
10,MIHIN LANKA,9477,
11,MIHIN LANKA,0,
12,MIHIN LANKA,0,
1,MYANMAR AIRLINES,1068,
2,MYANMAR AIRLINES,1482,
3,MYANMAR AIRLINES,1382,
4,MYANMAR AIRLINES,421,
5,MYANMAR AIRLINES,0,
6,MYANMAR AIRLINES,0,
7,MYANMAR AIRLINES,0,
8,MYANMAR AIRLINES,0,
9,MYANMAR AIRLINES,0,
10,MYANMAR AIRLINES,2691,
11,MYANMAR AIRLINES,3086,
12,MYANMAR AIRLINES,2539,
1,NEPAL AIRLINES CORPORATION,3450,
2,NEPAL AIRLINES CORPORATION,4949,
3,NEPAL AIRLINES CORPORATION,5749,
4,NEPAL AIRLINES CORPORATION,6530,
5,NEPAL AIRLINES CORPORATION,5682,
6,NEPAL AIRLINES CORPORATION,6277,
7,NEPAL AIRLINES CORPORATION,6992,
8,NEPAL AIRLINES CORPORATION,6274,
9,NEPAL AIRLINES CORPORATION,6274,
10,NEPAL AIRLINES CORPORATION,6338,
11,NEPAL AIRLINES CORPORATION,6615,
12,NEPAL AIRLINES CORPORATION,7080,
1,OMAN AIR,72192,
2,OMAN AIR,99250,
3,OMAN AIR,70018,
4,OMAN AIR,64956,
5,OMAN AIR,71554,
6,OMAN AIR,75820,
7,OMAN AIR,79523,
8,OMAN AIR,63180,
9,OMAN AIR,63679,
10,OMAN AIR,67705,
11,OMAN AIR,69418,
12,OMAN AIR,75685,
1,PAK INTERNATIONAL,990,
2,PAK INTERNATIONAL,639,
3,PAK INTERNATIONAL,936,
4,PAK INTERNATIONAL,985,
5,PAK INTERNATIONAL,998,
6,PAK INTERNATIONAL,903,
7,PAK INTERNATIONAL,1224,
8,PAK INTERNATIONAL,777,
9,PAK INTERNATIONAL,714,
10,PAK INTERNATIONAL,315,
11,PAK INTERNATIONAL,512,
12,PAK INTERNATIONAL,544,
1,QATAR AIRWAYS,88533,
2,QATAR AIRWAYS,74654,
3,QATAR AIRWAYS,81895,
4,QATAR AIRWAYS,75955,
5,QATAR AIRWAYS,87868,
6,QATAR AIRWAYS,94937,
7,QATAR AIRWAYS,97391,
8,QATAR AIRWAYS,83513,
9,QATAR AIRWAYS,80378,
10,QATAR AIRWAYS,93796,
11,QATAR AIRWAYS,92625,
12,QATAR AIRWAYS,99976,
1,REGENT AIRWAYS,6265,
2,REGENT AIRWAYS,6361,
3,REGENT AIRWAYS,6622,
4,REGENT AIRWAYS,7206,
5,REGENT AIRWAYS,7623,
6,REGENT AIRWAYS,6753,
7,REGENT AIRWAYS,7845,
8,REGENT AIRWAYS,7590,
9,REGENT AIRWAYS,8687,
10,REGENT AIRWAYS,7838,
11,REGENT AIRWAYS,6412,
12,REGENT AIRWAYS,7644,
1,SAFI AIRWAYS,2881,
2,SAFI AIRWAYS,2999,
3,SAFI AIRWAYS,2435,
4,SAFI AIRWAYS,1639,
5,SAFI AIRWAYS,1756,
6,SAFI AIRWAYS,1721,
7,SAFI AIRWAYS,1992,
8,SAFI AIRWAYS,2947,
9,SAFI AIRWAYS,2192,
10,SAFI AIRWAYS,2649,
11,SAFI AIRWAYS,2126,
12,SAFI AIRWAYS,2619,
1,SAUDIA,66285,
2,SAUDIA,56227,
3,SAUDIA,60591,
4,SAUDIA,60840,
5,SAUDIA,72471,
6,SAUDIA,72337,
7,SAUDIA,70536,
8,SAUDIA,47115,
9,SAUDIA,47458,
10,SAUDIA,55287,
11,SAUDIA,57896,
12,SAUDIA,74718,
1,SCAT AIRLINES,924,
2,SCAT AIRLINES,470,
3,SCAT AIRLINES,634,
4,SCAT AIRLINES,0,
5,SCAT AIRLINES,0,
6,SCAT AIRLINES,0,
7,SCAT AIRLINES,0,
8,SCAT AIRLINES,0,
9,SCAT AIRLINES,0,
10,SCAT AIRLINES,0,
11,SCAT AIRLINES,1138,
12,SCAT AIRLINES,1153,
1,SHANDONG AIRLINES,1420,
2,SHANDONG AIRLINES,866,
3,SHANDONG AIRLINES,981,
4,SHANDONG AIRLINES,0,
5,SHANDONG AIRLINES,298,
6,SHANDONG AIRLINES,811,
7,SHANDONG AIRLINES,1624,
8,SHANDONG AIRLINES,1055,
9,SHANDONG AIRLINES,1059,
10,SHANDONG AIRLINES,1327,
11,SHANDONG AIRLINES,1553,
12,SHANDONG AIRLINES,1525,
1,SILK AIR,18335,
2,SILK AIR,14035,
3,SILK AIR,15354,
4,SILK AIR,17996,
5,SILK AIR,23169,
6,SILK AIR,20601,
7,SILK AIR,19460,
8,SILK AIR,16891,
9,SILK AIR,17149,
10,SILK AIR,18506,
11,SILK AIR,21729,
12,SILK AIR,30699,
1,SINGAPORE AIRLINES,53202,
2,SINGAPORE AIRLINES,42547,
3,SINGAPORE AIRLINES,48336,
4,SINGAPORE AIRLINES,44703,
5,SINGAPORE AIRLINES,54355,
6,SINGAPORE AIRLINES,48614,
7,SINGAPORE AIRLINES,40878,
8,SINGAPORE AIRLINES,38064,
9,SINGAPORE AIRLINES,34669,
10,SINGAPORE AIRLINES,47603,
11,SINGAPORE AIRLINES,53735,
12,SINGAPORE AIRLINES,45063,
1,SPICEJET,59633,
2,SPICEJET,60194,
3,SPICEJET,71017,
4,SPICEJET,66101,
5,SPICEJET,67278,
6,SPICEJET,69443,
7,SPICEJET,73407,
8,SPICEJET,59608,
9,SPICEJET,64386,
10,SPICEJET,66707,
11,SPICEJET,68427,
12,SPICEJET,77355,
1,SRILNKAN AIRWAYS,55999,
2,SRILNKAN AIRWAYS,48461,
3,SRILNKAN AIRWAYS,52801,
4,SRILNKAN AIRWAYS,44965,
5,SRILNKAN AIRWAYS,61935,
6,SRILNKAN AIRWAYS,62837,
7,SRILNKAN AIRWAYS,59540,
8,SRILNKAN AIRWAYS,60452,
9,SRILNKAN AIRWAYS,52413,
10,SRILNKAN AIRWAYS,59118,
11,SRILNKAN AIRWAYS,63853,
12,SRILNKAN AIRWAYS,70507,
1,SWISS AIR,11864,
2,SWISS AIR,10461,
3,SWISS AIR,9377,
4,SWISS AIR,7569,
5,SWISS AIR,9194,
6,SWISS AIR,13302,
7,SWISS AIR,12827,
8,SWISS AIR,9592,
9,SWISS AIR,10130,
10,SWISS AIR,12888,
11,SWISS AIR,13188,
12,SWISS AIR,13571,
1,TAJIK AIR,437,
2,TAJIK AIR,251,
3,TAJIK AIR,160,
4,TAJIK AIR,337,
5,TAJIK AIR,367,
6,TAJIK AIR,445,
7,TAJIK AIR,346,
8,TAJIK AIR,363,
9,TAJIK AIR,341,
10,TAJIK AIR,278,
11,TAJIK AIR,293,
12,TAJIK AIR,373,
1,THAI AIR ASIA,6189,
2,THAI AIR ASIA,5753,
3,THAI AIR ASIA,5931,
4,THAI AIR ASIA,5760,
5,THAI AIR ASIA,8645,
6,THAI AIR ASIA,9464,
7,THAI AIR ASIA,10531,
8,THAI AIR ASIA,10281,
9,THAI AIR ASIA,10372,
10,THAI AIR ASIA,10438,
11,THAI AIR ASIA,10331,
12,THAI AIR ASIA,13011,
1,THAI AIRWAYS,58733,
2,THAI AIRWAYS,47181,
3,THAI AIRWAYS,52038,
4,THAI AIRWAYS,47845,
5,THAI AIRWAYS,47462,
6,THAI AIRWAYS,56599,
7,THAI AIRWAYS,54317,
8,THAI AIRWAYS,51660,
9,THAI AIRWAYS,48364,
10,THAI AIRWAYS,50342,
11,THAI AIRWAYS,55900,
12,THAI AIRWAYS,59379,
1,THOMAS COOK AIRLINES U.K.,4837,
2,THOMAS COOK AIRLINES U.K.,4787,
3,THOMAS COOK AIRLINES U.K.,1900,
4,THOMAS COOK AIRLINES U.K.,0,
5,THOMAS COOK AIRLINES U.K.,0,
6,THOMAS COOK AIRLINES U.K.,0,
7,THOMAS COOK AIRLINES U.K.,0,
8,THOMAS COOK AIRLINES U.K.,0,
9,THOMAS COOK AIRLINES U.K.,0,
10,THOMAS COOK AIRLINES U.K.,0,
11,THOMAS COOK AIRLINES U.K.,0,
12,THOMAS COOK AIRLINES U.K.,0,
1,TIGER AIRWAYS,30866,
2,TIGER AIRWAYS,26657,
3,TIGER AIRWAYS,27554,
4,TIGER AIRWAYS,28935,
5,TIGER AIRWAYS,31002,
6,TIGER AIRWAYS,21727,
7,TIGER AIRWAYS,21371,
8,TIGER AIRWAYS,21446,
9,TIGER AIRWAYS,19775,
10,TIGER AIRWAYS,22073,
11,TIGER AIRWAYS,24096,
12,TIGER AIRWAYS,23827,
1,TRANSAERO AIRLINES,0,
2,TRANSAERO AIRLINES,0,
3,TRANSAERO AIRLINES,0,
4,TRANSAERO AIRLINES,0,
5,TRANSAERO AIRLINES,0,
6,TRANSAERO AIRLINES,0,
7,TRANSAERO AIRLINES,0,
8,TRANSAERO AIRLINES,0,
9,TRANSAERO AIRLINES,0,
10,TRANSAERO AIRLINES,0,
11,TRANSAERO AIRLINES,0,
12,TRANSAERO AIRLINES,0,
1,TURKISH AIRLINES,17432,
2,TURKISH AIRLINES,17548,
3,TURKISH AIRLINES,16647,
4,TURKISH AIRLINES,13067,
5,TURKISH AIRLINES,16374,
6,TURKISH AIRLINES,21371,
7,TURKISH AIRLINES,20691,
8,TURKISH AIRLINES,19000,
9,TURKISH AIRLINES,16811,
10,TURKISH AIRLINES,21897,
11,TURKISH AIRLINES,22026,
12,TURKISH AIRLINES,23420,
1,TURKMENISTAN AIRLINES,3407,
2,TURKMENISTAN AIRLINES,4694,
3,TURKMENISTAN AIRLINES,5109,
4,TURKMENISTAN AIRLINES,2629,
5,TURKMENISTAN AIRLINES,2144,
6,TURKMENISTAN AIRLINES,1701,
7,TURKMENISTAN AIRLINES,3902,
8,TURKMENISTAN AIRLINES,4535,
9,TURKMENISTAN AIRLINES,1705,
10,TURKMENISTAN AIRLINES,4009,
11,TURKMENISTAN AIRLINES,3051,
12,TURKMENISTAN AIRLINES,3925,
1,UNITED AIRLINES,13911,
2,UNITED AIRLINES,12688,
3,UNITED AIRLINES,13867,
4,UNITED AIRLINES,12119,
5,UNITED AIRLINES,13722,
6,UNITED AIRLINES,14090,
7,UNITED AIRLINES,7339,
8,UNITED AIRLINES,13459,
9,UNITED AIRLINES,13363,
10,UNITED AIRLINES,13763,
11,UNITED AIRLINES,14708,
12,UNITED AIRLINES,14512,
1,UNITED AIRLINES BANGLADESH LTD.,575,
2,UNITED AIRLINES BANGLADESH LTD.,0,
3,UNITED AIRLINES BANGLADESH LTD.,0,
4,UNITED AIRLINES BANGLADESH LTD.,0,
5,UNITED AIRLINES BANGLADESH LTD.,0,
6,UNITED AIRLINES BANGLADESH LTD.,0,
7,UNITED AIRLINES BANGLADESH LTD.,0,
8,UNITED AIRLINES BANGLADESH LTD.,0,
9,UNITED AIRLINES BANGLADESH LTD.,0,
10,UNITED AIRLINES BANGLADESH LTD.,0,
11,UNITED AIRLINES BANGLADESH LTD.,0,
12,UNITED AIRLINES BANGLADESH LTD.,0,
1,UNITED PARCEL SERVICES,0,
2,UNITED PARCEL SERVICES,0,
3,UNITED PARCEL SERVICES,0,
4,UNITED PARCEL SERVICES,0,
5,UNITED PARCEL SERVICES,0,
6,UNITED PARCEL SERVICES,0,
7,UNITED PARCEL SERVICES,0,
8,UNITED PARCEL SERVICES,0,
9,UNITED PARCEL SERVICES,0,
10,UNITED PARCEL SERVICES,0,
11,UNITED PARCEL SERVICES,0,
12,UNITED PARCEL SERVICES,0,
1,UZBEKISTAN AIRWAYS,3428,
2,UZBEKISTAN AIRWAYS,3660,
3,UZBEKISTAN AIRWAYS,4496,
4,UZBEKISTAN AIRWAYS,3834,
5,UZBEKISTAN AIRWAYS,4098,
6,UZBEKISTAN AIRWAYS,3615,
7,UZBEKISTAN AIRWAYS,5738,
8,UZBEKISTAN AIRWAYS,4416,
9,UZBEKISTAN AIRWAYS,3653,
10,UZBEKISTAN AIRWAYS,4742,
11,UZBEKISTAN AIRWAYS,4814,
12,UZBEKISTAN AIRWAYS,4472,
1,VIRGIN ATLANTIC AIRLINES,5753,
2,VIRGIN ATLANTIC AIRLINES,7082,
3,VIRGIN ATLANTIC AIRLINES,7499,
4,VIRGIN ATLANTIC AIRLINES,5009,
5,VIRGIN ATLANTIC AIRLINES,3659,
6,VIRGIN ATLANTIC AIRLINES,6503,
7,VIRGIN ATLANTIC AIRLINES,7792,
8,VIRGIN ATLANTIC AIRLINES,6555,
9,VIRGIN ATLANTIC AIRLINES,6389,
10,VIRGIN ATLANTIC AIRLINES,7695,
11,VIRGIN ATLANTIC AIRLINES,,
12,VIRGIN ATLANTIC AIRLINES,7164,
1,YEMENIA AIRWAYS,59,
2,YEMENIA AIRWAYS,0,
3,YEMENIA AIRWAYS,0,
4,YEMENIA AIRWAYS,162,
5,YEMENIA AIRWAYS,160,
6,YEMENIA AIRWAYS,108,
7,YEMENIA AIRWAYS,363,
8,YEMENIA AIRWAYS,0,
9,YEMENIA AIRWAYS,219,
10,YEMENIA AIRWAYS,445,
11,YEMENIA AIRWAYS,299,
12,YEMENIA AIRWAYS,367,
,,,
,,,
,,,
,,,
,,,
,,,
,,,
,,,
,,,
,,,
,,,
,,,
,,,
,,,
,,,
,,,
,,,
,,,
,,,
,,,
,,,
,,,
,,,
,,,
,,,
,,,
,,,
,,,
,,,
,,,
,,,
,,,
,,,
,,,
,,,
,,,
,,,
,,,
,,,
,,,
,,,
,,,
,,,
,,,
,,,
,,,
,,,
,,,
,,,
,,,
,,,
,,,
,,,
,,,
,,,
,,,
,,,
,,,
,,,
,,,
,,,
,,,
,,,
,,,
,,,
,,,
,,,
,,,
,,,
,,,
,,,
,,,
,,,
,,,
,,,
,,,
,,,
,,,
,,,
,,,
,,,
,,,
,,,
,,,
,,,
,,,
,,,
,,,
,,,
,,,
,,,
,,,
,,,
,,,
,,,
,,,
,,,
,,,
,,,
,,,
,,,
,,,
,,,
,,,
,,,
,,,
,,,
,,,
,,,
,,,
,,,
,,,
,,,
,,,
,,,
,,,
,,,
,,,
,,,
,,,
